"year_mon","storage","ResOpsUS","all_years","normalized"
"1941-10",64.6727096774193,154.7,1941,0.41805242196134
"1941-11",67.3781333333333,154.7,1941,0.435540616246499
"1941-12",68.1334838709677,154.7,1941,0.440423295869216
"1941-5",22.3367586206897,154.7,1941,0.144387579965673
"1941-6",52.1964333333333,154.7,1941,0.337404223227753
"1941-7",68.0057741935484,154.7,1941,0.439597764664178
"1941-8",57.4771935483871,154.7,1941,0.371539712659257
"1941-9",52.0908,154.7,1941,0.336721396250808
"1942-1",58.0495161290323,154.7,1942,0.37523927685218
"1942-10",59.6777419354839,154.7,1942,0.385764330546114
"1942-11",56.3125,154.7,1942,0.364010989010989
"1942-12",54.8971935483871,154.7,1942,0.354862272452405
"1942-2",46.4435714285714,154.7,1942,0.300217009880875
"1942-3",44.0551290322581,154.7,1942,0.284777821798695
"1942-4",54.9721666666667,154.7,1942,0.355346907993967
"1942-5",65.1395806451613,154.7,1942,0.421070333840732
"1942-6",104.884366666667,154.7,1942,0.677985563456152
"1942-7",109.346548387097,154.7,1942,0.706829659903664
"1942-8",90.646935483871,154.7,1942,0.585953041266134
"1942-9",69.7646,154.7,1942,0.450967032967033
"1943-1",55.3966451612903,154.7,1943,0.358090789665742
"1943-10",48.74,154.7,1943,0.315061409179056
"1943-11",37.3977666666667,154.7,1943,0.241743805214393
"1943-12",34.7956774193548,154.7,1943,0.224923577371395
"1943-2",56.3176071428571,154.7,1943,0.364044002216271
"1943-3",58.2348387096774,154.7,1943,0.376437225014075
"1943-4",68.3672,154.7,1943,0.441934065934066
"1943-5",77.1306774193548,154.7,1943,0.498582271618325
"1943-6",86.9328,154.7,1943,0.561944408532644
"1943-7",83.2672580645161,154.7,1943,0.53824989052693
"1943-8",71.3144193548387,154.7,1943,0.460985257626624
"1943-9",66.6364,154.7,1943,0.430745959922431
"1944-1",34.1786451612903,154.7,1944,0.220935004274663
"1944-10",5.44151612903226,154.7,1944,0.0351746356110682
"1944-11",3.53546666666667,154.7,1944,0.0228536953242836
"1944-12",6.07470967741935,154.7,1944,0.0392676772942428
"1944-2",34.29,154.7,1944,0.221654815772463
"1944-3",34.5293870967742,154.7,1944,0.223202243676627
"1944-4",40.4589666666667,154.7,1944,0.261531781943547
"1944-5",65.388935483871,154.7,1944,0.422682194465876
"1944-6",91.6044333333333,154.7,1944,0.59214242620125
"1944-7",104.185741935484,154.7,1944,0.673469566486644
"1944-8",83.6408709677419,154.7,1944,0.540664970702921
"1944-9",36.2746666666667,154.7,1944,0.234483947425124
"1945-1",7.70441935483871,154.7,1945,0.0498023229142774
"1945-10",52.4958709677419,154.7,1945,0.339339825260129
"1945-11",50.0605333333333,154.7,1945,0.323597500538677
"1945-12",46.9354193548387,154.7,1945,0.303396375920095
"1945-2",9.01128571428571,154.7,1945,0.0582500692584726
"1945-3",9.00270967741936,154.7,1945,0.0581946326917864
"1945-4",13.8174,154.7,1945,0.0893173884938591
"1945-5",58.6786129032258,154.7,1945,0.379305836478512
"1945-6",98.6666333333333,154.7,1945,0.637793363499246
"1945-7",97.5602580645161,154.7,1945,0.630641616448068
"1945-8",82.1633225806452,154.7,1945,0.53111391454845
"1945-9",64.2890333333333,154.7,1945,0.415572290454643
"1946-1",46.758,154.7,1946,0.302249515190692
"1946-10",57.0005806451613,154.7,1946,0.368458827699814
"1946-11",63.3794333333333,154.7,1946,0.409692523163111
"1946-12",66.8405806451613,154.7,1946,0.432065808953855
"1946-2",46.6059642857143,154.7,1946,0.301266737464217
"1946-3",47.7437419354839,154.7,1946,0.308621473403257
"1946-4",56.2359666666667,154.7,1946,0.36351626804568
"1946-5",79.5735806451613,154.7,1946,0.514373501261547
"1946-6",100.201566666667,154.7,1946,0.647715363068304
"1946-7",94.7472580645161,154.7,1946,0.612458035323311
"1946-8",76.2992580645161,154.7,1946,0.493207873720208
"1946-9",64.6276666666667,154.7,1946,0.417761258349494
"1947-1",68.9469677419355,154.7,1947,0.445681756573597
"1947-10",114.680741935484,154.7,1947,0.741310549033509
"1947-11",106.1188,154.7,1947,0.6859650937298
"1947-12",100.224483870968,154.7,1947,0.647863502721188
"1947-2",70.1931428571429,154.7,1947,0.453737187182565
"1947-3",71.5165161290323,154.7,1947,0.462291636257481
"1947-4",76.5192666666667,154.7,1947,0.494630036630037
"1947-5",106.649516129032,154.7,1947,0.689395708655671
"1947-6",127.802866666667,154.7,1947,0.826133591898298
"1947-7",133.608032258065,154.7,1947,0.863658902767062
"1947-8",114.424806451613,154.7,1947,0.739656150301312
"1947-9",119.203433333333,154.7,1947,0.770545787545788
"1948-1",92.2042580645161,154.7,1948,0.596019767708572
"1948-10",68.8118709677419,154.7,1948,0.44480847425819
"1948-11",65.9427,154.7,1948,0.426261797026503
"1948-12",66.466064516129,154.7,1948,0.42964489021415
"1948-2",84.2626896551724,154.7,1948,0.544684483873125
"1948-3",76.5324838709677,154.7,1948,0.494715474279042
"1948-4",45.3386,154.7,1948,0.293074337427279
"1948-5",58.014064516129,154.7,1948,0.375010113226432
"1948-6",124.5569,154.7,1948,0.805151260504202
"1948-7",130.036580645161,154.7,1948,0.840572596284171
"1948-8",108.797548387097,154.7,1948,0.703280855766624
"1948-9",83.1496666666667,154.7,1948,0.537489765136824
"1949-1",68.6727096774194,154.7,1949,0.443908918406072
"1949-10",55.1869677419355,154.7,1949,0.35673540880372
"1949-11",53.4971666666667,154.7,1949,0.345812324929972
"1949-12",56.2630967741935,154.7,1949,0.363691640427883
"1949-2",68.8883928571429,154.7,1949,0.445303121248499
"1949-3",54.7215483870968,154.7,1949,0.353726880330296
"1949-4",33.8250666666667,154.7,1949,0.21864942900237
"1949-5",46.1854193548387,154.7,1949,0.298548282836708
"1949-6",110.415033333333,154.7,1949,0.713736479207068
"1949-7",130.052451612903,154.7,1949,0.84067518818942
"1949-8",104.401806451613,154.7,1949,0.674866234334925
"1949-9",74.0477333333333,154.7,1949,0.478653738418444
"1950-1",58.7783225806452,154.7,1950,0.379950372208437
"1950-10",28.5496129032258,154.7,1950,0.184548241132681
"1950-11",25.6011666666667,154.7,1950,0.165489118724413
"1950-12",26.531064516129,154.7,1950,0.17150009383406
"1950-2",61.1855714285714,154.7,1950,0.395511127527934
"1950-3",64.423064516129,154.7,1950,0.416438684655003
"1950-4",76.9186666666667,154.7,1950,0.497211807800043
"1950-5",103.632516129032,154.7,1950,0.669893446212232
"1950-6",118.710733333333,154.7,1950,0.767360913596208
"1950-7",99.8899677419355,154.7,1950,0.645701148945931
"1950-8",67.1826451612903,154.7,1950,0.434276956440144
"1950-9",36.9287333333333,154.7,1950,0.238711915535445
"1951-1",27.7335806451613,154.7,1951,0.179273307337823
"1951-10",556.302935483871,1013.15,1951,0.549082500600968
"1951-11",543.787,1013.15,1951,0.536729013472832
"1951-12",529.396064516129,1013.15,1951,0.52252486257329
"1951-2",29.078,154.7,1951,0.187963800904977
"1951-3",30.7940967741935,154.7,1951,0.199056863440165
"1951-4",35.1357666666667,154.7,1951,0.227121956474898
"1951-5",47.0797096774194,154.7,1951,0.304329086473299
"1951-6",73.1111,154.7,1951,0.472599224305107
"1951-7",62.5396451612903,154.7,1951,0.404264028191922
"1951-8",40.373064516129,154.7,1951,0.260976499781054
"1951-9",578.093133333333,1013.15,1951,0.570589876457912
"1952-1",520.057774193548,1013.15,1952,0.513307776926959
"1952-10",859.179612903226,1013.15,1952,0.848028044123008
"1952-11",834.304133333333,1013.15,1952,0.823475431410288
"1952-12",798.194387096774,1013.15,1952,0.787834365194467
"1952-2",504.264275862069,1013.15,1952,0.497719267494516
"1952-3",494.143,1013.15,1952,0.48772935893007
"1952-4",467.204166666667,1013.15,1952,0.461140173386632
"1952-5",516.521225806452,1013.15,1952,0.509817130539853
"1952-6",799.567866666667,1013.15,1952,0.789190017930876
"1952-7",938.908290322581,1013.15,1952,0.926721897372137
"1952-8",924.33535483871,1013.15,1952,0.912338108709184
"1952-9",890.188933333333,1013.15,1952,0.878634884600832
"1953-1",763.394258064516,1013.15,1953,0.753485918239664
"1953-10",790.725032258065,1049.65,1953,0.753322566815667
"1953-11",765.219,1049.65,1953,0.729023007669223
"1953-12",737.047,1049.65,1953,0.702183585004525
"1953-2",735.047285714286,1013.15,1953,0.725506870368934
"1953-3",706.469451612903,1013.15,1953,0.697299957176038
"1953-4",684.903266666667,1013.15,1953,0.676013686686736
"1953-5",692.051483870968,1013.15,1953,0.683069124878811
"1953-6",871.023066666667,1013.15,1953,0.859717777887447
"1953-7",933.987451612903,1013.15,1953,0.921864927812173
"1953-8",889.24764516129,1013.15,1953,0.877705813710991
"1953-9",819.197733333333,1013.15,1953,0.808565102238892
"1954-1",701.164451612903,1049.65,1954,0.667998334314203
"1954-10",524.163,1049.65,1954,0.499369313580717
"1954-11",488.1518,1049.65,1954,0.465061496689373
"1954-12",457.654387096774,1049.65,1954,0.436006656596746
"1954-2",671.387857142857,1049.65,1954,0.639630216875013
"1954-3",624.473483870968,1049.65,1954,0.594934962960003
"1954-4",590.872966666667,1049.65,1954,0.562923799996824
"1954-5",636.96035483871,1049.65,1954,0.606831186432344
"1954-6",711.989766666667,1049.65,1954,0.678311595928802
"1954-7",698.715322580645,1049.65,1954,0.665665052713424
"1954-8",630.041225806452,1049.65,1954,0.600239342453629
"1954-9",550.804366666667,1049.65,1954,0.524750504136299
"1955-1",425.728451612903,1049.65,1955,0.405590865157818
"1955-10",486.786258064516,1049.65,1955,0.463760546910414
"1955-11",442.084866666667,1049.65,1955,0.421173597548389
"1955-12",410.141064516129,1049.65,1955,0.390740784562596
"1955-2",392.817785714286,1049.65,1955,0.374236922511585
"1955-3",362.725580645161,1049.65,1955,0.345568123322213
"1955-4",347.749466666667,1049.65,1955,0.331300401721209
"1955-5",420.303548387097,1049.65,1955,0.400422567891294
"1955-6",549.7017,1049.65,1955,0.523699995236507
"1955-7",631.034322580645,1049.65,1955,0.601185464279184
"1955-8",609.391483870968,1049.65,1955,0.580566363903175
"1955-9",563.6248,1049.65,1955,0.536964511980184
"1956-1",381.120806451613,1049.65,1956,0.363093227696483
"1956-10",459.795935483871,1049.65,1956,0.438046906572544
"1956-11",413.686366666667,1049.65,1956,0.394118388669239
"1956-12",383.964483870968,1049.65,1956,0.365802394961147
"1956-2",345.154034482759,1049.65,1956,0.328827737324593
"1956-3",298.58235483871,1049.65,1956,0.284458967121145
"1956-4",275.126933333333,1049.65,1956,0.262113021800918
"1956-5",353.829806451613,1049.65,1956,0.337093132426631
"1956-6",617.1448,1049.65,1956,0.587952936693183
"1956-7",665.941870967742,1049.65,1956,0.634441833913916
"1956-8",620.991483870968,1049.65,1956,0.591617666718399
"1956-9",547.544633333333,1049.65,1956,0.521644961018752
"1957-1",356.677129032258,1049.65,1957,0.339805772431056
"1957-10",870.86,1049.65,1957,0.829667031867765
"1957-11",838.433433333333,1049.65,1957,0.798774289842646
"1957-12",797.063419354839,1049.65,1957,0.759361138812784
"1957-2",320.622821428571,1049.65,1957,0.305456886989541
"1957-3",285.106774193548,1049.65,1957,0.271620801403847
"1957-4",259.5201,1049.65,1957,0.247244414804935
"1957-5",278.572516129032,1049.65,1957,0.265395623425935
"1957-6",512.2077,1049.65,1957,0.487979516981851
"1957-7",861.497225806452,1049.65,1957,0.820747130764018
"1957-8",929.396290322581,1049.65,1957,0.885434468939723
"1957-9",920.773266666667,1049.65,1957,0.87721932707728
"1958-1",756.294129032258,1049.65,1958,0.720520296319971
"1958-10",865.404032258064,1180.65,1958,0.732989482283542
"1958-11",808.1043,1180.65,1958,0.684457121077373
"1958-12",765.738774193548,1180.65,1958,0.648573899287298
"1958-2",719.763142857143,1049.65,1958,0.68571727990963
"1958-3",680.960838709677,1049.65,1958,0.648750382231865
"1958-4",638.579166666667,1049.65,1958,0.608373426062656
"1958-5",662.135548387097,1049.65,1958,0.630815556030197
"1958-6",961.1048,1049.65,1958,0.91564311913495
"1958-7",1003.43996774194,1049.65,1958,0.955975770725418
"1958-8",948.889258064516,1049.65,1958,0.904005390429682
"1958-9",876.444,1049.65,1958,0.83498690039537
"1959-1",714.727258064516,1180.65,1959,0.605367600952455
"1959-10",808.631161290323,1305.95,1959,0.619189985290649
"1959-11",808.250133333333,1305.95,1959,0.618898222239238
"1959-12",776.694838709677,1305.95,1959,0.594735509559843
"1959-2",670.631321428571,1180.65,1959,0.568018736652328
"1959-3",638.166580645161,1180.65,1959,0.540521391305773
"1959-4",611.362266666667,1180.65,1959,0.517818376882791
"1959-5",620.311290322581,1180.65,1959,0.52539811995306
"1959-6",814.777266666667,1180.65,1959,0.690109064216039
"1959-7",1015.81383870968,1305.95,1959,0.777835168811729
"1959-8",958.089870967742,1305.95,1959,0.73363442012921
"1959-9",854.491733333333,1305.95,1959,0.654306622254553
"1960-1",724.632677419355,1318.25,1960,0.549692909098695
"1960-10",880.102241935484,1318.25,1960,0.667629237197409
"1960-11",839.873616666667,1318.25,1960,0.63711254820153
"1960-12",799.509967741935,1318.25,1960,0.606493432764601
"1960-2",672.619137931034,1318.25,1960,0.510236402754435
"1960-3",632.906741935484,1318.25,1960,0.480111315710589
"1960-4",649.692033333333,1318.25,1960,0.492844326442885
"1960-5",741.405596774194,1318.25,1960,0.562416534628632
"1960-6",1035.62753333333,1318.25,1960,0.785607838675011
"1960-7",1197.88940322581,1318.25,1960,0.908696683653181
"1960-8",1129.95525806452,1318.25,1960,0.857163101129919
"1960-9",986.21415,1318.25,1960,0.748123762564005
"1961-1",744.523870967742,1318.25,1961,0.564781999596239
"1961-10",1040.839,1318.25,1961,0.789561160629623
"1961-11",1062.37803333333,1318.25,1961,0.805900271825021
"1961-12",1036.04212903226,1318.25,1961,0.785922343282578
"1961-2",685.970642857143,1318.25,1961,0.520364606756793
"1961-3",646.24135483871,1318.25,1961,0.49022670573769
"1961-4",630.56355,1318.25,1961,0.478333813768253
"1961-5",707.30114516129,1318.25,1961,0.536545530181142
"1961-6",969.91255,1318.25,1961,0.73575767115494
"1961-7",1073.69090322581,1318.25,1961,0.814482005102072
"1961-8",1015.39420967742,1318.25,1961,0.770259214623493
"1961-9",991.00705,1318.25,1961,0.751759567608572
"1962-1",989.106129032258,1318.25,1962,0.750317564219426
"1962-10",1055.72648387097,3454.329,1962,0.30562418457274
"1962-11",981.627628723404,3454.329,1962,0.284173171902099
"1962-12",939.02427865477,8125.99287096774,1962,0.115558097769158
"1962-2",936.355142857143,1318.25,1962,0.710301644496221
"1962-3",853.182338709677,1318.25,1962,0.647208297902278
"1962-4",793.74335,1318.25,1962,0.602118983500853
"1962-5",871.36514516129,1318.25,1962,0.661001437634205
"1962-6",1102.0863,1318.25,1962,0.836022226436564
"1962-7",1302.298,3454.329,1962,0.37700462231594
"1962-8",1255.06990322581,3454.329,1962,0.363332474476463
"1962-9",1134.03948333333,3454.329,1962,0.328295157564127
"1963-1",891.747387096774,8281.715,1963,0.107676657201651
"1963-10",2946.52629032258,40352.43,1963,0.0730197980721999
"1963-11",3123.88896666667,40352.43,1963,0.0774151387330742
"1963-12",3277.18864516129,40381.9106451613,1963,0.0811548684250772
"1963-2",885.725946428571,8281.715,1963,0.106949580663977
"1963-3",903.281064516129,8281.715,1963,0.109069324954569
"1963-4",1068.17443333333,8281.715,1963,0.128979859042883
"1963-5",1327.74391935484,8281.715,1963,0.160322338954533
"1963-6",1828.07036666667,11451.1665,1963,0.159640536766858
"1963-7",2182.24790322581,39976.23,1963,0.05458863687811
"1963-8",2326.17780645161,39976.23,1963,0.0581890239887957
"1963-9",2764.37203333333,40352.43,1963,0.0685057141127147
"1964-1",3371.256,40400.53,1964,0.0834458359828448
"1964-10",8015.39938709677,40400.53,1964,0.198398372177216
"1964-11",7797.2521,40400.53,1964,0.192998757689565
"1964-12",7582.58177419355,40400.53,1964,0.187685205471155
"1964-2",3375.77106896552,40400.53,1964,0.0835575936495268
"1964-3",3318.38651612903,40400.53,1964,0.0821372025596949
"1964-4",3003.94503333333,40400.53,1964,0.0743540996450624
"1964-5",3326.19961290323,40400.53,1964,0.0823305935071452
"1964-6",6132.5365,40400.53,1964,0.151793466570859
"1964-7",7738.91538709677,40400.53,1964,0.191554798590434
"1964-8",8287.13669354839,40400.53,1964,0.205124454890775
"1964-9",8207.11773333333,40400.53,1964,0.20314381354238
"1965-1",7315.23706451613,40400.53,1965,0.181067848974163
"1965-10",13113.8427741935,40503.3116774194,1965,0.32377211223211
"1965-11",12991.8352666667,40855.706,1965,0.317993165181546
"1965-12",12846.1010645161,40855.706,1965,0.314426118704597
"1965-2",6984.706,40400.53,1965,0.172886494310842
"1965-3",6723.43558064516,40400.53,1965,0.16641948956227
"1965-4",6588.2353,40400.53,1965,0.163072991864216
"1965-5",6988.59441935484,40400.53,1965,0.172982741052032
"1965-6",8387.14803333333,40400.53,1965,0.20759995062771
"1965-7",11576.5169677419,40400.53,1965,0.28654369058381
"1965-8",12826.8559032258,40400.53,1965,0.317492268126824
"1965-9",12862.4734,40400.53,1965,0.318373877768435
"1966-1",12732.7038064516,40888.7999032258,1966,0.311398325130279
"1966-10",12338.2758709677,41881.617,1966,0.294598842040118
"1966-11",11947.6777833333,41881.617,1966,0.285272600227764
"1966-12",11683.0053225806,41881.617,1966,0.278953062451735
"1966-2",12427.1702857143,41881.617,1966,0.296721358339968
"1966-3",12417.4607741935,41881.617,1966,0.296489526041785
"1966-4",12865.1759333333,41881.617,1966,0.307179542120672
"1966-5",13514.6376129032,41881.617,1966,0.322686624370382
"1966-6",14323.8177833333,41881.617,1966,0.342007276923748
"1966-7",14200.9469354839,41881.617,1966,0.339073511308885
"1966-8",13580.2865806452,41881.617,1966,0.32425411322216
"1966-9",12933.0307833333,41881.617,1966,0.308799700434998
"1967-1",11214.4957551884,41881.617,1967,0.2677665419458
"1967-10",13143.8062071235,41881.617,1967,0.313832348142706
"1967-11",12934.8732076557,41881.617,1967,0.308843691676368
"1967-12",12640.2344834568,41881.617,1967,0.301808654700625
"1967-2",10864.5507750153,41881.617,1967,0.259410967227347
"1967-3",10594.2521588974,41881.617,1967,0.252957094729591
"1967-4",10332.3080755587,41881.617,1967,0.246702701941015
"1967-5",10153.503532005,41881.617,1967,0.242433417315405
"1967-6",11996.8322443652,41881.617,1967,0.286446252645049
"1967-7",13739.8389051125,41881.617,1967,0.328063716000089
"1967-8",13838.8652533708,41881.617,1967,0.330428150693674
"1967-9",13421.7681721826,41881.617,1967,0.32046919707476
"1968-1",12304.1932188118,41881.617,1968,0.293785056551466
"1968-10",14900.7233167365,41881.617,1968,0.355781948837755
"1968-11",14570.5139538279,41881.617,1968,0.347897597980228
"1968-12",14199.9161290323,41881.617,1968,0.339048898924611
"1968-2",12077.9434861528,41881.617,1968,0.288382931493614
"1968-3",11894.158074962,41881.617,1968,0.283994719567825
"1968-4",11400.2972550642,41881.617,1968,0.272202891666389
"1968-5",11483.018673876,41881.617,1968,0.27417801642845
"1968-6",13984.119857204,41881.617,1968,0.33389636931172
"1968-7",15437.1304340803,41881.617,1968,0.36858964719725
"1968-8",15611.2039113709,41881.617,1968,0.372745968986127
"1968-9",15294.2538183547,41881.617,1968,0.365178207382841
"1969-1",13855.9677096774,41881.617,1969,0.330836503033716
"1969-10",17980.4003548387,42042.017,1969,0.427676920325652
"1969-11",17848.8544,42042.017,1969,0.4245480039647
"1969-12",17355.068688172,42275.117,1969,0.410526804412441
"1969-2",13619.3384285714,41881.617,1969,0.325186547323887
"1969-3",13428.6659032258,41881.617,1969,0.320633892985216
"1969-4",13815.1925333333,42042.017,1969,0.328604418130874
"1969-5",15712.6621612903,42042.017,1969,0.373737115450249
"1969-6",18216.0096333333,42042.017,1969,0.433281058645053
"1969-7",19199.1490322581,42042.017,1969,0.456665745419828
"1969-8",18838.4431935484,42042.017,1969,0.448086094288682
"1969-9",18173.2885666667,42042.017,1969,0.432264906954076
"1970-1",16792.6112553763,42275.117,1970,0.397222111895665
"1970-10",21219.7408494209,42409.917,1970,0.500348558791588
"1970-11",21180.4918843629,42409.917,1970,0.499423092112228
"1970-12",21105.4553096276,42558.097,1970,0.495921030247842
"1970-2",16492.7986517857,42275.117,1970,0.390130171651227
"1970-3",16352.1670806452,42275.117,1970,0.386803591357185
"1970-4",15933.43345,42275.117,1970,0.376898624550229
"1970-5",16628.6131935484,42318.4073225806,1970,0.39294043055055
"1970-6",19958.7444306452,42342.217,1970,0.471367487220737
"1970-7",21569.9911451613,42342.217,1970,0.509420447804169
"1970-8",21321.7498413111,42342.217,1970,0.503557710294459
"1970-9",21202.9891144788,42342.217,1970,0.500752927379281
"1971-1",20661.6916450367,42558.097,1971,0.48549378617744
"1971-10",24026.6826281854,42558.097,1971,0.564561959341965
"1971-11",23769.5104868735,42558.097,1971,0.558519110637713
"1971-12",23162.4494423358,42558.097,1971,0.544254820471315
"1971-2",20695.519905888,42558.097,1971,0.486288658674941
"1971-3",20450.7701195043,42558.097,1971,0.480537701662372
"1971-4",20520.0262103604,42558.097,1971,0.482165032199639
"1971-5",21277.829829929,42558.097,1971,0.499971364554411
"1971-6",23573.8462166667,42558.097,1971,0.553921530294615
"1971-7",25481.122483871,42558.097,1971,0.59873735622791
"1971-8",25044.9593709677,42558.097,1971,0.588488704534128
"1971-9",24418.801829634,42558.097,1971,0.573775698420774
"1972-1",22574.606973747,42558.097,1972,0.530442114781284
"1972-10",23402.1756421203,42558.097,1972,0.549887736806471
"1972-11",23807.641073389,42558.097,1972,0.559415076134373
"1972-12",23275.6800691739,42558.097,1972,0.546915433487872
"1972-2",22170.1224589334,42558.097,1972,0.520937824333015
"1972-3",22451.9057489029,42558.097,1972,0.527558968365125
"1972-4",22560.672179634,42558.097,1972,0.530114684865586
"1972-5",22673.2688372469,42558.097,1972,0.532760401322618
"1972-6",24726.8529190533,42558.097,1972,0.581014064586894
"1972-7",25433.625473978,42558.097,1972,0.597621305153235
"1972-8",24492.2882150666,42558.097,1972,0.575502429421752
"1972-9",23572.0264173031,42558.097,1972,0.553878769938964
"1973-1",22350.876552198,42558.097,1973,0.525185055906001
"1973-10",29460.4693347564,42611.219,1973,0.691378233858
"1973-11",29213.1303021389,42611.219,1973,0.685573681948383
"1973-12",29094.0786525768,42611.219,1973,0.682779778080904
"1973-2",21667.4267803017,42558.097,1973,0.509125837565099
"1973-3",21494.3967561013,42558.097,1973,0.505060100692503
"1973-4",20877.177871241,42558.097,1973,0.490557128793636
"1973-5",22679.8371025098,42585.1034516129,1973,0.532576776014637
"1973-6",27150.2068939936,42594.497,1973,0.637411140082101
"1973-7",29717.1155779506,42594.497,1973,0.697674997264331
"1973-8",30030.0276577489,42611.219,1973,0.704744627412534
"1973-9",29759.5842308149,42611.219,1973,0.698397861624537
"1974-1",28602.4838232543,42611.219,1974,0.671243031635736
"1974-10",29719.9902330407,42677.8944193548,1974,0.696379018632241
"1974-11",29397.6986711006,42861.057,1974,0.68588366057096
"1974-12",28959.1665937483,42876.717,1974,0.675405409274882
"1974-2",28398.9455016059,42611.219,1974,0.666466394721211
"1974-3",28500.6143654415,42611.219,1974,0.66885235940895
"1974-4",28799.5469048098,42611.219,1974,0.67586770762906
"1974-5",30274.5244644784,42611.219,1974,0.710482477970846
"1974-6",32462.2519485714,42611.219,1974,0.761824062075564
"1974-7",32800.1347551152,42611.219,1974,0.769753495085771
"1974-8",31753.7793225806,42611.219,1974,0.745197627943492
"1974-9",30435.0068576191,42611.219,1974,0.714248678443559
"1975-1",28284.4646482373,42876.717,1975,0.659669550918213
"1975-10",33440.3701164241,44267.617,1975,0.755413830304534
"1975-11",33208.6441260628,44267.617,1975,0.750179168805558
"1975-12",32934.3759490131,44267.617,1975,0.743983484564192
"1975-2",27928.6216026657,42876.717,1975,0.651370337021506
"1975-3",27772.0231941392,42876.717,1975,0.647718042268468
"1975-4",27860.6769542577,42923.0803333333,1975,0.649083820124195
"1975-5",28729.7227306369,44267.617,1975,0.649000887728764
"1975-6",31860.0786102151,44267.617,1975,0.719715240380232
"1975-7",35115.0635918314,44267.617,1975,0.793244949052293
"1975-8",35256.4577671333,44267.617,1975,0.796439026007053
"1975-9",34264.8179384901,44267.617,1975,0.77403800476746
"1976-1",32501.3136141867,44267.617,1976,0.734200659913242
"1976-10",31957.3382913935,44267.617,1976,0.721912324564331
"1976-11",31193.4413467989,44267.617,1976,0.704655986944111
"1976-12",30377.670011372,44267.617,1976,0.686227813242625
"1976-2",32067.1680560043,44267.617,1976,0.724393365380484
"1976-3",31718.3056020918,44267.617,1976,0.71651260563883
"1976-4",31693.8838285293,44267.617,1976,0.715960920790683
"1976-5",32158.4845379919,44267.617,1976,0.726456193428978
"1976-6",33805.1567081496,44267.617,1976,0.763654314352399
"1976-7",34162.8115923448,44267.617,1976,0.771733694008079
"1976-8",33606.2175030586,44267.617,1976,0.759160302282785
"1976-9",32662.2094859875,44267.617,1976,0.737835277783025
"1977-1",29498.5052902751,44267.617,1977,0.666367590789338
"1977-10",24789.4975603101,44267.617,1977,0.559991687836056
"1977-11",24582.122581455,44267.617,1977,0.555307112679118
"1977-12",24178.8379472965,44267.617,1977,0.54619696260805
"1977-2",28916.1482188218,44267.617,1977,0.653212216479188
"1977-3",28568.0226503496,44267.617,1977,0.64534810288861
"1977-4",28506.3858127213,44267.617,1977,0.6439557343401
"1977-5",28542.7909546704,44267.617,1977,0.644778121999889
"1977-6",28604.3915530948,44267.617,1977,0.646169671909259
"1977-7",27818.190812297,44267.617,1977,0.628409494287822
"1977-8",26621.921470832,44267.617,1977,0.601385917629856
"1977-9",25476.4008885924,44267.617,1977,0.575508749174196
"1978-1",23357.9966453032,44267.617,1978,0.527654258988081
"1978-10",27420.8514639061,44267.617,1978,0.61943364748787
"1978-11",27013.3928632755,44267.617,1978,0.610229208029777
"1978-12",26363.6135456637,44267.617,1978,0.595550773507048
"1978-2",22798.7215726244,44267.617,1978,0.515020304179112
"1978-3",22538.4946380742,44267.617,1978,0.509141809871406
"1978-4",22996.9700256105,44267.617,1978,0.519498712243998
"1978-5",24249.5807779643,44267.617,1978,0.547795034414532
"1978-6",27511.705721656,44267.617,1978,0.62148603394793
"1978-7",30115.8396692528,44267.617,1978,0.68031309815599
"1978-8",29637.4844737923,44267.617,1978,0.669507113377986
"1978-9",28260.2543659856,44267.617,1978,0.63839565536102
"1979-1",25617.4564691724,44267.617,1979,0.578695177316015
"1979-10",33445.7369896661,44284.917,1979,0.755239915876236
"1979-11",32827.6900617468,44284.917,1979,0.741283766248152
"1979-12",32193.650814965,44284.917,1979,0.726966493241141
"1979-2",24896.5278800775,44267.617,1979,0.562409489538991
"1979-3",25088.4049033876,44267.617,1979,0.566743967794508
"1979-4",26181.8313198645,44267.617,1979,0.591444335480369
"1979-5",28676.8560481431,44267.617,1979,0.647806635901433
"1979-6",33321.3136341917,44269.347,1979,0.752694943392585
"1979-7",35693.9876980475,44284.917,1979,0.806007781341162
"1979-8",35119.6171878005,44284.917,1979,0.793037891158304
"1979-9",34203.7977131143,44284.917,1979,0.772357724258901
"1980-1",31921.2152518301,44284.917,1980,0.720814611706964
"1980-10",36360.9525007852,44318.016,1980,0.820455331321356
"1980-11",35681.0905930875,44318.016,1980,0.805114800109451
"1980-12",34995.1993970687,44318.016,1980,0.789638222908461
"1980-2",31646.194466991,44284.917,1980,0.714604353147844
"1980-3",31751.5302715695,44284.917,1980,0.716982946396162
"1980-4",31784.4448800335,44284.917,1980,0.717726192871344
"1980-5",34351.6821807964,44318.016,1980,0.775117780109931
"1980-6",38258.2071606557,44318.016,1980,0.863265340232191
"1980-7",39619.6321650914,44318.016,1980,0.893984788603611
"1980-8",38262.96027336,44318.016,1980,0.86337259035603
"1980-9",37160.1014018651,44318.016,1980,0.838487476557278
"1981-1",34528.1940718069,44318.016,1981,0.779100627424453
"1981-10",32412.495677295,44318.016,1981,0.731361613238621
"1981-11",32157.6448823625,44318.016,1981,0.725611112247499
"1981-12",31653.494239482,44318.016,1981,0.714235362870982
"1981-2",33916.2308124252,44318.016,1981,0.765292174009441
"1981-3",33704.6700852924,44318.016,1981,0.760518478202913
"1981-4",33537.482625715,44318.016,1981,0.756746029102814
"1981-5",33696.1432796855,44318.016,1981,0.760326077766783
"1981-6",34607.7115679393,44318.016,1981,0.780894875076072
"1981-7",34579.9504871671,44318.016,1981,0.780268468858514
"1981-8",33552.0478342247,44318.016,1981,0.757074681191159
"1981-9",32713.1429163808,44318.016,1981,0.738145473759042
"1982-1",30932.957976271,44318.016,1982,0.697977047895624
"1982-10",37330.5130117289,44318.016,1982,0.842332675987321
"1982-11",36952.959891744,44318.016,1982,0.833813496789748
"1982-12",36381.5349345778,44318.016,1982,0.82091975720614
"1982-2",30192.6008020751,44318.016,1982,0.68127149017851
"1982-3",30192.8239751824,44318.016,1982,0.681276525898235
"1982-4",30265.4676202575,44318.016,1982,0.682915670689264
"1982-5",31756.6231218162,44318.016,1982,0.716562382255926
"1982-6",34558.2378359739,44318.016,1982,0.779778540536966
"1982-7",36968.4916568893,44318.016,1982,0.834163958442753
"1982-8",37279.922441942,44318.016,1982,0.841191140910775
"1982-9",37225.1278340474,44318.016,1982,0.839954745132259
"1983-1",35722.4946598776,44318.016,1983,0.806049049214603
"1983-10",39294.0037243014,44318.016,1983,0.886637247576727
"1983-11",38125.4738255206,44318.016,1983,0.860270320438547
"1983-12",37008.7012236779,44318.016,1983,0.835071254626513
"1983-2",35110.1431272265,44318.016,1983,0.792231834728939
"1983-3",35083.0409041994,44318.016,1983,0.791620295100741
"1983-4",35222.6649147033,44318.016,1983,0.79477079738189
"1983-5",36443.8364767464,44318.016,1983,0.822325540853327
"1983-6",40506.3165731116,44318.016,1983,0.913992101386299
"1983-7",42402.2806673691,44318.016,1983,0.956772989733319
"1983-8",41829.0412511251,44318.016,1983,0.943838308355795
"1983-9",40566.6472889736,44318.016,1983,0.91535341494018
"1984-1",35750.4400957768,44318.016,1984,0.80667961525572
"1984-10",39118.631254885,44790.624,1984,0.873366516503209
"1984-11",38260.2015928805,44790.624,1984,0.854201129077382
"1984-12",37100.1465936177,44790.624,1984,0.828301623875964
"1984-2",34507.2999463351,44318.016,1984,0.778629168470337
"1984-3",33432.1163788286,44500.9610322581,1984,0.751267289589413
"1984-4",32883.3805008606,44790.624,1984,0.734157677751054
"1984-5",34207.9046884889,44790.624,1984,0.763729138680651
"1984-6",39392.9372421156,44790.624,1984,0.879490699707948
"1984-7",41105.474683421,44790.624,1984,0.917724983769392
"1984-8",40833.6044095246,44790.624,1984,0.911655180546816
"1984-9",40049.9180601263,44790.624,1984,0.894158519875193
"1985-1",35826.1180062367,44790.624,1985,0.799857532822868
"1985-10",37165.5731859731,44790.624,1985,0.829762344591875
"1985-11",37010.0700969896,44790.624,1985,0.82629056690502
"1985-12",36798.713046749,44790.624,1985,0.821571788031999
"1985-2",34528.4319311361,44790.624,1985,0.770885262307042
"1985-3",33728.6642729814,44790.624,1985,0.753029568710215
"1985-4",34547.7475713649,44790.624,1985,0.771316505243706
"1985-5",37715.1478631546,44790.624,1985,0.842032204399621
"1985-6",40214.6282747372,44790.624,1985,0.897835856779695
"1985-7",40371.0118286112,44790.624,1985,0.901327291814716
"1985-8",39246.8209623106,44790.624,1985,0.876228492871871
"1985-9",37589.8427597844,44790.624,1985,0.83923462999275
"1986-1",36359.9827895096,44790.624,1986,0.811776651950854
"1986-10",38696.9514591801,44790.624,1986,0.863952050750177
"1986-11",38400.5975019799,44790.624,1986,0.857335622338726
"1986-12",37468.0402398695,44790.624,1986,0.836515254618233
"1986-2",35493.6015705686,44790.624,1986,0.792433737260918
"1986-3",34997.9029270056,44790.624,1986,0.7813667192269
"1986-4",34982.4422875485,44790.624,1986,0.781021543427226
"1986-5",35941.8977210109,44790.624,1986,0.802442442440875
"1986-6",38654.1081326611,44790.624,1986,0.862995526310619
"1986-7",40934.8290194675,44790.624,1986,0.913915131422761
"1986-8",40604.1352974114,44790.624,1986,0.9065320299492
"1986-9",39299.8789321571,44790.624,1986,0.877413070471113
"1987-1",36089.8961766683,44790.624,1987,0.805746670925332
"1987-10",37254.0184946735,44790.624,1987,0.831736983496223
"1987-11",37167.8936725792,44790.624,1987,0.829814152010457
"1987-12",36597.553990069,44790.624,1987,0.817080690594285
"1987-2",35006.3774418921,44790.624,1987,0.781555922103075
"1987-3",34799.7392948039,44790.624,1987,0.776942497938941
"1987-4",35285.5184393226,44790.624,1987,0.787788052234382
"1987-5",37696.810852343,44790.624,1987,0.841622810442269
"1987-6",39923.9217806105,44790.624,1987,0.891345514199813
"1987-7",40021.0935938267,44790.624,1987,0.893514981926278
"1987-8",39048.7691975491,44790.624,1987,0.871806769147692
"1987-9",37958.2638885102,44790.624,1987,0.847460037362066
"1988-1",35939.0749970237,44790.624,1988,0.802379422019746
"1988-10",35901.6131897725,44790.624,1988,0.801543045923463
"1988-11",35471.4557200799,44790.624,1988,0.791939306763842
"1988-12",34992.8888900697,44790.624,1988,0.781254775331322
"1988-2",35367.8021108422,44790.624,1988,0.789625125804057
"1988-3",35123.1995160662,44790.624,1988,0.784164103542433
"1988-4",35301.6966364125,44790.624,1988,0.788149248298316
"1988-5",36186.1648834237,44790.624,1988,0.807895975805645
"1988-6",37883.1016913071,44790.624,1988,0.845781958548001
"1988-7",38233.5887342806,44790.624,1988,0.853606967705576
"1988-8",37262.9278457876,44790.624,1988,0.831935894569979
"1988-9",36501.142999168,44790.624,1988,0.814928209063755
"1989-1",34385.2360569577,44790.624,1989,0.767688256742253
"1989-10",32280.7866730449,44829.714,1989,0.720075677329659
"1989-11",31805.2079569307,44829.714,1989,0.709467117210042
"1989-12",31301.9672140643,44829.714,1989,0.698241510397865
"1989-2",33779.017097345,44790.624,1989,0.754153750957901
"1989-3",33746.6345806344,44790.624,1989,0.753430775615772
"1989-4",34117.785907447,44790.624,1989,0.761717137663611
"1989-5",34804.7901850087,44790.624,1989,0.777055264624326
"1989-6",35514.1320622542,44790.624,1989,0.792892103094037
"1989-7",35084.0250661681,44828.4530322581,1989,0.782628502503133
"1989-8",34190.5341643332,44829.714,1989,0.762675714690779
"1989-9",33077.5830557746,44829.714,1989,0.737849522211419
"1990-1",30689.6754373381,44829.714,1990,0.684583342140843
"1990-10",28419.746646242,44848.781,1990,0.63367935566057
"1990-11",28353.8677106092,44848.781,1990,0.63221044314692
"1990-12",28006.1533368578,44848.781,1990,0.624457403577097
"1990-2",30224.5705855625,44829.714,1990,0.674208418674331
"1990-3",29806.8923975705,44829.714,1990,0.664891424414854
"1990-4",29593.4017755536,44829.714,1990,0.660129167354349
"1990-5",29640.8900806137,44829.714,1990,0.661188471570746
"1990-6",30620.9873113287,44829.714,1990,0.683051141288314
"1990-7",30799.6746900346,44829.714,1990,0.687037055155752
"1990-8",29798.6579893916,44829.714,1990,0.664707742489538
"1990-9",28770.0826258822,44848.781,1990,0.641490849570297
"1991-1",27438.2760160575,44848.781,1991,0.611795357739098
"1991-10",28107.0582997484,44848.781,1991,0.626707296676544
"1991-11",27820.9809582158,44848.781,1991,0.620328587263405
"1991-12",27486.630102197,44848.781,1991,0.612873516053804
"1991-2",27045.9743595203,44848.781,1991,0.603048148834197
"1991-3",26872.4254919851,44848.781,1991,0.599178503691887
"1991-4",26906.1824257664,44848.781,1991,0.599931187109999
"1991-5",27411.7739238415,44848.781,1991,0.611204436612034
"1991-6",29733.4815804171,44848.781,1991,0.662971900627959
"1991-7",30187.5933201767,44848.781,1991,0.67309729823374
"1991-8",29424.6329890732,44848.781,1991,0.656085457240705
"1991-9",28666.6091160714,44848.781,1991,0.639183685194731
"1992-1",26919.3876188046,44848.781,1992,0.600225625280754
"1992-10",26387.980222544,44848.781,1992,0.588376754822923
"1992-11",26073.6293551179,44848.781,1992,0.581367626360188
"1992-12",25617.2096576117,44848.781,1992,0.571190767874197
"1992-2",26452.0571733481,44848.781,1992,0.589805488210439
"1992-3",26319.6732464507,44848.781,1992,0.586853703926774
"1992-4",26540.5856852049,44848.781,1992,0.591779421723969
"1992-5",27491.937796371,44848.781,1992,0.612991862507277
"1992-6",28874.0427,44848.781,1992,0.643808862943231
"1992-7",28721.9936658259,44848.781,1992,0.640418602811654
"1992-8",27843.202867381,44848.781,1992,0.620824072506697
"1992-9",27005.8318173529,44848.781,1992,0.60215308454767
"1993-1",25165.5893490529,44848.781,1993,0.561120922083766
"1993-10",33732.0160631998,44848.781,1993,0.752127824013764
"1993-11",33473.4752787022,44848.781,1993,0.746363101344989
"1993-12",32989.2174890515,44848.781,1993,0.735565532741046
"1993-2",24858.4802480773,44848.781,1993,0.554273264374282
"1993-3",24806.7500276651,44848.781,1993,0.553119827887076
"1993-4",25572.5227129071,44848.781,1993,0.570194376362362
"1993-5",27775.4546935484,44848.781,1993,0.619313481308408
"1993-6",33003.8760204301,44848.781,1993,0.735892376214865
"1993-7",35225.151407801,44848.781,1993,0.785420486853389
"1993-8",34734.2735562989,44848.781,1993,0.774475309736933
"1993-9",34149.1031537037,44848.781,1993,0.761427677459142
"1994-1",32353.6664122259,44848.781,1994,0.721394555009776
"1994-10",30698.4082741936,44848.781,1994,0.684487015916744
"1994-11",30503.7703666667,44848.781,1994,0.680147145285101
"1994-12",30125.2687903226,44848.781,1994,0.671707638839116
"1994-2",31829.0661222305,44848.781,1994,0.709697463621822
"1994-3",31653.4586836086,44848.781,1994,0.705781918211079
"1994-4",31632.5122004902,44848.781,1994,0.705314871333742
"1994-5",32416.5503387097,44848.781,1994,0.722796687354996
"1994-6",34007.3272037635,44848.781,1994,0.758266477828315
"1994-7",33538.2587665192,44848.781,1994,0.747807588494306
"1994-8",32199.4630490375,44848.781,1994,0.717956259480887
"1994-9",31161.336286828,44848.781,1994,0.694808991281791
"1995-1",29606.4934309191,44848.781,1995,0.660140426802661
"1995-10",38198.2236622984,44848.781,1995,0.851711525053454
"1995-11",37576.9081,44848.781,1995,0.83785795872579
"1995-12",36952.1952587582,44848.781,1995,0.823928642759727
"1995-2",29172.8991489218,44848.781,1995,0.650472510031473
"1995-3",29192.484482958,44848.781,1995,0.650909207163468
"1995-4",29375.607147619,44848.781,1995,0.654992320696945
"1995-5",30182.8523410138,44848.781,1995,0.67299158790991
"1995-6",34131.08905,44848.781,1995,0.76102601428565
"1995-7",39225.1721612903,44848.781,1995,0.874609549840169
"1995-8",40052.894016129,44848.781,1995,0.893065388246094
"1995-9",39142.268315625,44848.781,1995,0.872761030352754
"1996-1",36196.0876132848,44848.781,1996,0.807069597126503
"1996-10",35946.2167096774,44848.781,1996,0.801498188092948
"1996-11",35676.6265,44848.781,1996,0.795487094732854
"1996-12",35256.6952814776,44848.781,1996,0.786123825338254
"1996-2",35567.8377574713,44848.781,1996,0.793061415815767
"1996-3",35114.6928548387,44848.781,1996,0.782957575922492
"1996-4",34426.4891833333,44848.781,1996,0.767612595386558
"1996-5",35428.1433870968,44848.781,1996,0.789946629476881
"1996-6",37745.8128760417,44848.781,1996,0.841624053863173
"1996-7",38605.216944126,44848.781,1996,0.860786315332093
"1996-8",37625.9929915019,44848.781,1996,0.838952411917325
"1996-9",36485.7874238095,44848.781,1996,0.813529077274353
"1997-1",34563.2830043956,44848.781,1997,0.770662707742169
"1997-10",39561.1926914397,44848.781,1997,0.882101850024413
"1997-11",38858.1540349351,44848.781,1997,0.8664260916018
"1997-12",37974.925816925,44848.781,1997,0.846732619486916
"1997-2",33682.2862098133,44848.781,1997,0.751018990010304
"1997-3",32672.2107181664,44848.781,1997,0.728497185200338
"1997-4",32661.8920833334,44848.781,1997,0.728267109051043
"1997-5",34397.0835967742,44848.781,1997,0.766956934610423
"1997-6",39148.7172,44848.781,1997,0.872904822095388
"1997-7",40770.1993103312,44848.781,1997,0.90905925203031
"1997-8",40326.9948872229,44848.781,1997,0.899177056500664
"1997-9",39742.7866252259,44848.781,1997,0.886150877216169
"1998-1",36996.4887927953,44848.781,1998,0.824916262334873
"1998-10",38359.9225017095,44848.781,1998,0.855316948340458
"1998-11",38149.0117962069,44848.781,1998,0.850614240690441
"1998-12",37665.5387137628,44848.781,1998,0.839834168820839
"1998-2",36160.8953416501,44848.781,1998,0.806284909764886
"1998-3",35393.7777660243,44848.781,1998,0.789180374066896
"1998-4",35540.1100069264,44848.781,1998,0.79244316600102
"1998-5",37372.3392488479,44848.781,1998,0.833296656353891
"1998-6",39978.6255666667,44848.781,1998,0.89140941348365
"1998-7",41088.2054354839,44848.781,1998,0.916149882323086
"1998-8",40356.1206290323,44848.781,1998,0.899826477536419
"1998-9",39190.2502353454,44848.781,1998,0.873830890416964
"1999-1",36974.2774579928,44848.781,1999,0.824421012869731
"1999-10",39195.4197229497,44848.781,1999,0.873946155257814
"1999-11",38293.9134089337,44848.781,1999,0.85384513369346
"1999-12",37382.0724099715,44848.781,1999,0.833513678108028
"1999-2",36450.266522892,44848.781,1999,0.8127370624163
"1999-3",35977.6524057635,44848.781,1999,0.802199114525844
"1999-4",35760.6080148368,44848.781,1999,0.7973596431715
"1999-5",36502.0244728292,44848.781,1999,0.813891117192889
"1999-6",39055.9375121316,44848.781,1999,0.870836099472393
"1999-7",40786.2131208438,44848.781,1999,0.909416314366355
"1999-8",40664.0155359279,44848.781,1999,0.90669165647842
"1999-9",40155.9128315893,44848.781,1999,0.895362414233496
"2000-1",36655.4753566811,44848.781,2000,0.817312634577094
"2000-10",35146.9357080794,44848.781,2000,0.783676499659586
"2000-11",34703.3621997604,44848.781,2000,0.773786074581612
"2000-12",34030.6162355275,44848.781,2000,0.758785756864328
"2000-2",36228.7572238008,44848.781,2000,0.807798036334606
"2000-3",35918.5196114989,44848.781,2000,0.800880621738614
"2000-4",35823.1957368471,44848.781,2000,0.798755171001128
"2000-5",36377.1075368777,44848.781,2000,0.811105825526846
"2000-6",37672.0138261728,44848.781,2000,0.839978545373905
"2000-7",37467.2554389744,44848.781,2000,0.835413016888339
"2000-8",36597.3633620266,44848.781,2000,0.816016902711951
"2000-9",35700.2938890865,44848.781,2000,0.796014810058861
"2001-1",33320.3978499525,44848.781,2001,0.742949910945238
"2001-10",32688.0960704825,44848.781,2001,0.728851383284698
"2001-11",32178.3164942301,44848.781,2001,0.717484751575079
"2001-12",31575.414189137,44848.781,2001,0.704041748406428
"2001-2",32716.4561188415,44848.781,2001,0.72948373153869
"2001-3",32419.7599496283,44848.781,2001,0.722868252531285
"2001-4",32484.2547213773,44848.781,2001,0.724306302135109
"2001-5",33554.8843438269,44848.781,2001,0.748178291486382
"2001-6",35322.1194584726,44848.781,2001,0.787582598030315
"2001-7",35045.0744287516,44848.781,2001,0.781405283429032
"2001-8",34123.8178228737,44848.781,2001,0.760863886643289
"2001-9",33349.6465446006,44848.781,2001,0.74360207347889
"2002-1",30864.1697325942,44848.781,2002,0.688183024028997
"2002-10",24937.2208793248,44848.781,2002,0.556028956045088
"2002-11",24678.723637083,44848.781,2002,0.550265204244525
"2002-12",24321.3734892953,44848.781,2002,0.542297314375062
"2002-2",30247.9728787874,44848.781,2002,0.674443590312686
"2002-3",29793.368218529,44848.781,2002,0.664307201984575
"2002-4",29504.0821032208,44848.781,2002,0.657856946061048
"2002-5",29081.1929330739,44848.781,2002,0.648427722775205
"2002-6",28642.4779262024,44848.781,2002,0.638645628433076
"2002-7",27476.7722357081,44848.781,2002,0.612653713725421
"2002-8",26068.4498362373,44848.781,2002,0.581252137850465
"2002-9",25236.9005006925,44848.781,2002,0.562710957532882
"2003-1",23729.6469270604,44848.781,2003,0.529103498421962
"2003-10",22542.3442573123,44848.781,2003,0.502630032627026
"2003-11",22242.3309151515,44848.781,2003,0.49594059011663
"2003-12",21914.8105527917,44848.781,2003,0.488637819449132
"2003-2",23101.3139839733,44848.781,2003,0.515093464501818
"2003-3",22601.9535600875,44848.781,2003,0.503959150196021
"2003-4",22344.130691831,44848.781,2003,0.498210435013406
"2003-5",22681.3998165874,44848.781,2003,0.505730575298968
"2003-6",24897.2878351212,44848.781,2003,0.555138562966096
"2003-7",24757.650978386,44848.781,2003,0.552025059017458
"2003-8",23538.6866116428,44848.781,2003,0.524845627613441
"2003-9",22875.8401344776,44848.781,2003,0.51006604024483
"2004-1",21352.0734921418,44848.781,2004,0.476090386763061
"2004-10",19437.9038119892,44848.781,2004,0.433409858162905
"2004-11",19415.0058371664,44848.781,2004,0.432899298582194
"2004-12",19016.9963100856,44848.781,2004,0.424024820431254
"2004-2",20716.0031149315,44848.781,2004,0.461907830113186
"2004-3",20254.7534535164,44848.781,2004,0.451623277197131
"2004-4",20473.1208622421,44848.781,2004,0.456492248077871
"2004-5",21103.9827129032,44848.781,2004,0.470558669429682
"2004-6",21835.8682544246,44848.781,2004,0.486877631176298
"2004-7",21503.3213432578,44848.781,2004,0.479462782795763
"2004-8",20430.8538235701,44848.781,2004,0.455549813573977
"2004-9",19555.1848549839,44848.781,2004,0.436024891177844
"2005-1",18773.4894355593,44848.781,2005,0.418595311109109
"2005-10",24996.2263573945,44905.381,2005,0.556642117286445
"2005-11",24998.67229569,44905.381,2005,0.556696585999127
"2005-12",24599.8567135555,44905.381,2005,0.547815343411862
"2005-2",18484.2942683926,44848.781,2005,0.412147083069942
"2005-3",18257.6246473089,44848.781,2005,0.407092996514417
"2005-4",18560.840064099,44873.3076666667,2005,0.413627633647489
"2005-5",20664.4105195989,44905.381,2005,0.460176710661889
"2005-6",24742.6946062815,44905.381,2005,0.550996207030991
"2005-7",26476.1822789857,44905.381,2005,0.589599323942618
"2005-8",25940.5290657497,44905.381,2005,0.577670837839003
"2005-9",25194.8913035076,44905.381,2005,0.561066196131541
"2006-1",24037.8095164485,44905.381,2006,0.535299088464443
"2006-10",25437.1046640902,44905.381,2006,0.566460056626402
"2006-11",25705.269847547,44905.381,2006,0.572431839461444
"2006-12",25304.4673029836,44905.381,2006,0.563506349116236
"2006-2",23414.2842916781,44905.381,2006,0.52141377648434
"2006-3",22991.9089862626,44905.381,2006,0.512007881333032
"2006-4",23106.9269826227,44905.381,2006,0.514569222397259
"2006-5",24661.9283424236,44905.381,2006,0.549197619377143
"2006-6",26627.0818914718,44905.381,2006,0.592959714370797
"2006-7",26458.7003114878,44905.381,2006,0.589210017202343
"2006-8",25637.4463401872,44905.381,2006,0.570921474648823
"2006-9",24932.0429720312,44905.381,2006,0.555212814518402
"2007-1",24716.4888952504,44905.381,2007,0.550412630843738
"2007-10",24603.5994546568,44905.381,2007,0.547898690686018
"2007-11",24314.1719994039,44905.381,2007,0.541453417339983
"2007-12",23869.4341011403,44905.381,2007,0.53154952857744
"2007-2",24256.9759578208,44905.381,2007,0.540179716052755
"2007-3",24217.2924865066,44905.381,2007,0.539296003000323
"2007-4",24697.1498344796,44905.381,2007,0.549981968407741
"2007-5",25656.5764878289,44905.381,2007,0.571347484788714
"2007-6",26879.1530266621,44905.381,2007,0.598573098102922
"2007-7",26529.773908506,44905.381,2007,0.590792758411425
"2007-8",25747.1128404313,44905.381,2007,0.573363642999294
"2007-9",24931.5534905548,44905.381,2007,0.555201914232835
"2008-1",23242.0106379043,44905.381,2008,0.517577406545205
"2008-10",27445.0864625904,44905.381,2008,0.611175895881841
"2008-11",26987.6145191655,44905.381,2008,0.600988432080456
"2008-12",26486.4868510095,44905.381,2008,0.589828796932142
"2008-2",22841.089725814,44905.381,2008,0.508649280268081
"2008-3",22496.0783147168,44905.381,2008,0.500966205246466
"2008-4",22675.2814161459,44905.381,2008,0.504956887374944
"2008-5",24145.5785602787,44905.381,2008,0.537699002270544
"2008-6",27730.997629757,44905.381,2008,0.617542864846353
"2008-7",29632.2408519235,44905.381,2008,0.659881737823881
"2008-8",29109.1449451391,44905.381,2008,0.648232890956634
"2008-9",28217.8029436497,44905.381,2008,0.628383554827198
"2009-1",25839.4182345476,44905.381,2009,0.575419196076916
"2009-10",29247.9207070205,45053.381,2009,0.649183702928322
"2009-11",28804.6084322628,45053.381,2009,0.639343991348014
"2009-12",28142.7017338491,45053.381,2009,0.624652381446115
"2009-2",25429.8195984869,44905.381,2009,0.566297825164582
"2009-3",25153.6670592004,44905.381,2009,0.560148171534285
"2009-4",25142.7018727648,44905.381,2009,0.559903987291964
"2009-5",27145.3673508453,44905.381,2009,0.604501437162849
"2009-6",30480.1478816139,45013.9143333333,2009,0.677127246830943
"2009-7",31778.1694088067,45053.381,2009,0.705344831030699
"2009-8",30947.9992930951,45053.381,2009,0.68691846441214
"2009-9",29915.2833559718,45053.381,2009,0.663996412521665
"2010-1",27322.0748638239,45053.381,2010,0.606437835682608
"2010-10",29083.561483871,45053.381,2010,0.645535603285156
"2010-11",28738.9159296296,45053.381,2010,0.637885887623609
"2010-12",28153.5883760182,45053.381,2010,0.624894020185039
"2010-2",26806.0692604768,45053.381,2010,0.594984630797781
"2010-3",26566.6014244107,45053.381,2010,0.589669428458892
"2010-4",26698.4691238465,45053.381,2010,0.592596349735585
"2010-5",27637.3202930994,45053.381,2010,0.613434989331864
"2010-6",30211.9033666667,45053.381,2010,0.670580158382934
"2010-7",30861.5180450113,45053.381,2010,0.684998935929165
"2010-8",30243.4678882221,45053.381,2010,0.671280761109184
"2010-9",29456.670055814,45053.381,2010,0.653817081026926
"2011-1",27456.4154213099,45053.381,2011,0.60941964425067
"2011-10",32429.1055253456,45053.381,2011,0.719792939076994
"2011-11",31799.665759944,45053.381,2011,0.705821961728998
"2011-12",30788.2287377187,45053.381,2011,0.683372214345439
"2011-2",26574.0756399711,45053.381,2011,0.589835325343755
"2011-3",25884.6336604757,45053.381,2011,0.574532545303886
"2011-4",25560.736510101,45053.381,2011,0.567343358983447
"2011-5",26345.6365386119,45053.381,2011,0.584764915614478
"2011-6",30152.6916666667,45053.381,2011,0.669265901856881
"2011-7",34355.579,45053.381,2011,0.762552737163055
"2011-8",34461.8116451613,45053.381,2011,0.764910665531656
"2011-9",33207.8034619048,45053.381,2011,0.737076834741987
"2012-1",29910.5780635824,45053.381,2012,0.663891974357761
"2012-10",25645.9534393258,45053.381,2012,0.569234824780981
"2012-11",25189.7383487807,45053.381,2012,0.559108723688922
"2012-12",24490.1715485582,45053.381,2012,0.543581214216935
"2012-2",29468.8221087929,45053.381,2012,0.654086806688114
"2012-3",29218.7899913133,45053.381,2012,0.648537120694966
"2012-4",29460.5279294951,45053.381,2012,0.653902709976309
"2012-5",29704.4196972206,45053.381,2012,0.659316105426597
"2012-6",29490.1469121896,45053.381,2012,0.65456012973121
"2012-7",28372.2501542999,45053.381,2012,0.62974741350266
"2012-8",27162.9845592369,45053.381,2012,0.602906684389278
"2012-9",26223.8988672775,45053.381,2012,0.582062839352223
"2013-1",23675.9655781575,45053.381,2013,0.525509186051043
"2013-10",21989.5071088953,45053.381,2013,0.488076735215394
"2013-11",21837.0979044527,45053.381,2013,0.48469387690244
"2013-12",21538.5576750892,45053.381,2013,0.478067510074087
"2013-2",23122.689315296,45053.381,2013,0.513228725615419
"2013-3",22746.9929487477,45053.381,2013,0.504889809462862
"2013-4",22500.9664404104,45053.381,2013,0.499429031539506
"2013-5",22748.0890045875,45053.381,2013,0.50491413740042
"2013-6",23652.4259370203,45053.381,2013,0.524986702707624
"2013-7",23027.9343081628,45053.381,2013,0.511125553666279
"2013-8",22023.3335449784,45053.381,2013,0.488827543153274
"2013-9",21731.3703546408,45053.381,2013,0.4823471595759
"2014-1",21019.9154348649,45053.381,2014,0.466555782680659
"2014-10",25229.6697096774,45053.381,2014,0.559995035881489
"2014-11",24943.9003666667,45053.381,2014,0.553652130273345
"2014-12",24466.3483225806,45053.381,2014,0.543052436454894
"2014-2",20529.2522957917,45053.381,2014,0.455665076407732
"2014-3",20367.2881129396,45053.381,2014,0.452070136821466
"2014-4",20478.6362453725,45053.381,2014,0.454541607995468
"2014-5",21906.0151907085,45053.381,2014,0.486223557577366
"2014-6",25192.7160951844,45053.381,2014,0.559174817427894
"2014-7",26180.2107200903,45053.381,2014,0.581093141935126
"2014-8",25652.8398992209,45053.381,2014,0.569387675904298
"2014-9",25197.2299,45053.381,2014,0.559275005354204
"2015-1",23819.6769354839,45053.381,2015,0.528698987884702
"2015-10",25728.7250967742,45053.381,2015,0.571072015589112
"2015-11",25548.9994,45053.381,2015,0.567082843349759
"2015-12",25063.6285322581,45053.381,2015,0.556309603762214
"2015-2",23446.4340357143,45053.381,2015,0.520414528616937
"2015-3",23284.0084193548,45053.381,2015,0.51680934710216
"2015-4",23357.8638333333,45053.381,2015,0.518448633929013
"2015-5",23878.6097096774,45053.381,2015,0.530007053403549
"2015-6",26574.5396666667,45053.381,2015,0.589845624830391
"2015-7",27880.1676451613,45053.381,2015,0.618825203044391
"2015-8",27197.2550967742,45053.381,2015,0.60366734955528
"2015-9",26266.2009,45053.381,2015,0.583001770721713
"2016-1",24337.5501290323,45053.381,2016,0.54019364560081
"2016-10",25762.3685806452,45053.381,2016,0.571818762739364
"2016-11",25308.9182333333,45053.381,2016,0.561754027590811
"2016-12",24757.3974354839,45053.381,2016,0.549512531267828
"2016-2",23804.2650344828,45053.381,2016,0.528356906987353
"2016-3",23588.5681290323,45053.381,2016,0.523569321668273
"2016-4",23564.8107,45053.381,2016,0.523042004328155
"2016-5",24689.5310967742,45053.381,2016,0.548006177311625
"2016-6",27503.1458333333,45053.381,2016,0.610456867450932
"2016-7",28298.6044193548,45053.381,2016,0.628112780689086
"2016-8",27236.5319677419,45053.381,2016,0.604539134759763
"2016-9",26236.9700666667,45053.381,2016,0.582352966288294
"2017-1",24076.4663870968,45053.381,2017,0.534398658939643
"2017-10",28842.5345483871,45053.381,2017,0.640185795343242
"2017-11",28488.5981666667,45053.381,2017,0.632329861474029
"2017-12",28025.21,45053.381,2017,0.622044547555709
"2017-2",23620.3983214286,45053.381,2017,0.52427582119594
"2017-3",23672.5843870968,45053.381,2017,0.525434137497844
"2017-4",24646.9110666667,45053.381,2017,0.547060187706371
"2017-5",26365.8117096774,45053.381,2017,0.585212721541973
"2017-6",29458.5912333333,45053.381,2017,0.653859723276558
"2017-7",30807.8933387097,45053.381,2017,0.683808687714462
"2017-8",30336.9032903226,45053.381,2017,0.67335464324692
"2017-9",29344.1882333333,45053.381,2017,0.651320446590531
"2018-1",27382.8281935484,45053.381,2018,0.607786310056251
"2018-10",22433.1402752833,45053.381,2018,0.497923569271823
"2018-11",21918.8224204955,45053.381,2018,0.486507825472532
"2018-12",21410.9722345248,45053.381,2018,0.475235637354827
"2018-2",26749.0932142857,45053.381,2018,0.593719996603267
"2018-3",26166.0899677419,45053.381,2018,0.580779719234433
"2018-4",25693.8442666667,45053.381,2018,0.570297804434847
"2018-5",25909.8739032258,45053.381,2018,0.575092775017835
"2018-6",26517.8228666667,45053.381,2018,0.588586744836457
"2018-7",25683.9320967742,45053.381,2018,0.570077794977789
"2018-8",24312.2509862685,45053.381,2018,0.539632108548491
"2018-9",23115.0473849099,45053.381,2018,0.513059106150322
"2019-1",20530.1773354403,44841.581,2019,0.457837945888667
"2019-10",26873.0541935484,44841.581,2019,0.599288731446565
"2019-11",26462.6546666667,44841.581,2019,0.590136522319913
"2019-12",26041.8477096774,44841.581,2019,0.580752219902269
"2019-2",19911.3994261583,44841.581,2019,0.44403874667484
"2019-3",19530.8819546643,44841.581,2019,0.435552929203463
"2019-4",19694.6926353604,44841.581,2019,0.439206026998922
"2019-5",21604.0560268091,44841.581,2019,0.481786224861453
"2019-6",24980.6539713964,44841.581,2019,0.557086824646
"2019-7",28710.2871290323,44841.581,2019,0.640260367470814
"2019-8",28738.2935483871,44841.581,2019,0.64088493107295
"2019-9",27662.8692,44841.581,2019,0.616902182820004
"2020-1",25475.4895483871,44841.581,2020,0.568122019345997
"2020-10",22616.4451612903,44340.081,2020,0.510067745733038
"2020-11",22058.6773,44340.081,2020,0.497488430388749
"2020-12",21475.0198387097,44340.081,2020,0.484325227973979
"2020-2",24968.8645172414,44841.581,2020,0.556823911209584
"2020-3",24585.0826774194,44841.581,2020,0.548265295940822
"2020-4",24359.7316166667,44841.581,2020,0.543239802732795
"2020-5",24975.7988548387,44841.581,2020,0.556978552001516
"2020-6",26427.4880333333,44841.581,2020,0.589352280717607
"2020-7",26125.7129354839,44712.1519677419,2020,0.584309002938006
"2020-8",24612.023,44340.081,2020,0.555073929612352
"2020-9",23436.8931666667,44340.081,2020,0.528571275426102
"2021-1",20827.6928333333,NA,2021,NA
